id,"name","image","detail","company","material","preservation","nutrition","recipe",quantity,category_id,user_id,"created_at","updated_at"
2,"上白糖",NULL,"万能タイプのお砂糖
パン、菓子類、アイスクリーム、飲料などに広く使われる最も一般的なお砂糖です。ごく少量の水分が保持されているため、しっとりとしてソフトな「上白糖」。甘味はグラニュ糖よりも強く、日本特有のお砂糖です。","伊藤忠製糖","原料糖","お買い上げ後は、直射日光、高温多湿を避けて常温で保存してください。虫の侵入やにおい移りを防ぐため、密閉できる容器に入れてください",NULL,NULL,500,1,2,"0000-00-00 00:00:00","2018-12-16 12:13:00"
3,"三温糖",NULL,"コクの生きる煮物や佃煮などに最適
三温糖はグラニュ糖や上白糖に比べ還元糖・灰分が多く、特有の風味と色を持っているのでコクの生きる煮物や佃煮に最適なお砂糖です。伊藤忠製糖の三温糖はさとうきび本来の風味を残しながら製造しているため、美味しく仕上がっています。","伊藤忠製糖","原料糖","お買い上げ後は、直射日光、高温多湿を避けて常温で保存してください。虫の侵入やにおい移りを防ぐため、密閉できる容器に入れてください。",NULL,NULL,500,1,2,"0000-00-00 00:00:00","2018-12-26 10:12:30"
4,"中双糖",NULL,"煮物、麺類のつゆの味付けなどに使われるザラメ
白双糖に風味付けのためカラメルをコーティングしたお砂糖です。風味がまろやかで煮物、麺類のつゆの味付け、お漬物などに使われます。わた菓子作りにもご使用いただけます。","伊藤忠製糖","原料糖、カラメル","お買い上げ後は、直射日光、高温多湿を避けて常温で保存してください。虫の侵入やにおい移りを防ぐため、密閉できる容器に入れてください。",NULL,NULL,1000,1,2,"0000-00-00 00:00:00","2018-12-26 10:12:41"
5,"沖縄・奄美のきびオリゴ",NULL,"さとうきび本来の豊かな風味 毎日の健康維持に
沖縄・奄美の国産さとうきび100％にこだわったフラクトオリゴ糖です。さとうきびの豊かな風味を生かしたブラウンタイプなので、お料理にコクが出て美味しく仕上がります。
沖縄・奄美のきびオリゴのカロリーは、お砂糖と比較すると30％オフで、保存料や着色料、人工甘味料は一切使用していません。","伊藤忠製糖","サトウキビ原料糖（国産）","直射日光を避け常温保存してください。開封後は早めにお召し上がり下さい",NULL,NULL,350,2,2,"0000-00-00 00:00:00","2018-12-26 10:13:25"
6,"クルルのおいしいオリゴ糖",NULL,"おなかの環境を良好に保つオリゴ糖
オリゴ糖は、摂取すると消化されること無く大腸まで到達し、腸内のビフィズス菌などの栄養源となって腸内の環境を良好に保つ機能があります。（消費者庁認可 特定保健用食品（トクホ））お砂糖の原料となる「てんさい（国産）」から作られたフラクトオリゴ糖です。クセの無い自然な甘さが特徴で、そのまま口にしてもおいしく頂けます。オリゴ糖のカロリーは、お砂糖の約1/2です。
","伊藤忠製糖","フラクトオリゴ糖シロップ","直射日光を避け冷暗所で保存してください。開封後は早めにお召し上がり下さい。",NULL,NULL,330,2,2,"0000-00-00 00:00:00","2018-12-26 10:15:57"
8,"南国育ちの黒砂糖・粉末黒砂糖(加工黒糖)",NULL,"自然の恵みが詰まったマイルドな仕上がりの黒砂糖
南国育ちの黒砂糖（加工黒糖）は、粗糖（原料糖）・黒糖・糖蜜をブレンドして煮詰めているため黒砂糖特有のエグみのないマイルドな仕上がりになり、そのままでももちろん、お料理やお菓子作りでも美味しくお召し上がり頂けます。","伊藤忠製糖","原料糖、黒砂糖、糖蜜","お買い上げ後は、直射日光、高温多湿を避けて保存してください。開封後は要冷蔵、なるべく早くお召し上がりください。",NULL,NULL,300,3,2,"0000-00-00 00:00:00","2018-12-26 10:18:20"
9,"氷砂糖クリスタル",NULL,"季節の果実酒やジャム作りに
ゆっくり時間をかけて結晶を大きくした氷のような形のお砂糖。溶けるのに時間がかかるため、果実酒作りに適しています。","伊藤忠製糖","グラニュ糖","お買い上げ後は、直射日光、高温多湿を避けて常温で保存してください。虫の侵入やにおい移りを防ぐため、密閉できる容器に入れてください。",NULL,NULL,1000,3,2,"0000-00-00 00:00:00","2018-12-26 10:18:34"
10,"沖縄でとれたきびから作ったお砂糖",NULL,"沖縄のさとうきび本来の風味豊かなお砂糖
沖縄の“国産”さとうきびを100％使用し、やさしい味に仕上げました。
さとうきび由来のミネラル分が残り“国産”さとうきび本来の豊かな風味が特徴のお砂糖です。","伊藤忠製糖","さとうきび原料糖（沖縄産100％）","お買い上げ後は、直射日光、高温多湿を避けて保存してください。開封後は要冷蔵、なるべく早くお召し上がりください。",NULL,NULL,300,3,2,"0000-00-00 00:00:00","2018-12-26 10:18:45"
13,"グラニュー糖",NULL,"クセのない淡泊な甘さ グラニュ糖は香りを楽しむコーヒーや紅茶、素材の風味を生かしたお料理やお菓子作りなどに使用。 クセのない淡泊な甘さと水分が少なく、サラサラとした結晶が特徴です。","伊藤忠製糖","原料糖","お買い上げ後は、直射日光、高温多湿を避けて常温で保存してください。 虫の侵入やにおい移りを防ぐため、密閉できる容器に入れてください。",NULL,NULL,500,1,2,"2019-01-02 02:29:20","2019-01-02 02:30:27"
17,"宮古島ふんわりさとうきび糖",NULL,"自然の恵みがそのまま詰まった こだわりのお砂糖 宮古島のさとうきびを100%使用した細かい粒子でふんわり溶けやすい、ミネラル分を残した風味豊かなお砂糖です。粒子が細かいから低温でも溶けやすく味のムラも出にくいです。計量しやすいから料理やお菓子作りにぴったりです。","伊藤忠製糖","さとうきび原料糖（宮古島産100％）","お買い上げ後は、直射日光、高温多湿を避けて保存してください。 開封後は冷暗所に保存し、なるべく早めにご使用ください。",NULL,NULL,300,1,2,"2019-01-02 02:45:01","2019-01-02 02:45:01"
18,"上白糖",NULL,"赤いスプーンでおなじみ。日本で最も多く使われている砂糖です。上白糖は日本特有の砂糖で、しっとりとソフトな風味です。 料理、菓子、飲み物など、何にでも合う万能選手です。","三井製糖","原料糖","お買い上げ後は、直射日光、高温多湿をさけて常温で保存してください。虫の侵入やにおい移りを防ぐため、密閉できる容器に入れてください。",NULL,NULL,500,1,2,"2019-01-02 02:50:50","2019-01-02 02:52:18"
19,"グラニュ糖",NULL,"クセのない淡白な甘さで、サラサラした純度の高い砂糖です。世界的には最も多く使われています。 コーヒー、紅茶などの飲み物やお菓子づくりに使われます。","三井製糖","原料糖","お買い上げ後は、直射日光、高温多湿を避けて常温で保存してください。 虫の侵入やにおい移りを防ぐため、密閉できる容器に入れてください。",NULL,NULL,500,1,2,"2019-01-02 02:55:57","2019-01-02 02:55:57"
24,"三温糖",NULL,"上白糖と同じように日本特有の砂糖で、しっとりとして使いやすく、コクのあるやさしい風味とおいしそうな薄茶色が根強い人気です。 煮物、照り焼き、酢の物、漬け物などに。","三井製糖","原料糖","お買い上げ後は、直射日光、高温多湿を避けて常温で保存してください。 虫の侵入やにおい移りを防ぐため、密閉できる容器に入れてください。",NULL,NULL,500,1,2,"2019-01-02 03:27:52","2019-01-02 03:27:52"
25,"中ザラ糖",NULL,"「ざらめ」とも呼ばれる、黄褐色で高純度の大粒の結晶です。 料理に照りとコクを出すので、煮物をはじめ照り焼き、すき焼きに。","三井製糖","原料糖、カラメル色素","お買い上げ後は、直射日光、高温多湿をさけて常温で保存してください。虫の侵入やにおい移りを防ぐため、密閉できる容器に入れてください。",NULL,NULL,500,1,2,"2019-01-02 03:35:56","2019-01-02 03:35:56"
26,"白ザラ糖",NULL,"高純度で大粒の結晶です。美しい結晶と上品なクセのない甘さが素材を活かし、色鮮やかに仕上げます。 コーヒー、紅茶、デザートや、素材を活かしたい料理に。わた菓子にも使われます。","三井製糖","原料糖","お買い上げ後は、直射日光、高温多湿をさけて常温で保存してください。虫の侵入やにおい移りを防ぐため、密閉できる容器に入れてください。",NULL,NULL,1000,1,2,"2019-01-02 03:44:04","2019-01-02 03:44:04"
28,"White Fine Sugar",NULL,"キメが細かくさらさらしているので、いろいろな用途に使いやすいお砂糖です。 開け閉め便利なスライドジッパーの袋に入れました。","三井製糖","原料糖","直射日光、高温多湿をさけて常温で保存して下さい。",NULL,NULL,400,1,2,"2019-01-02 03:45:53","2019-01-02 03:45:53"
29,"国産さとうきび糖",NULL,"沖縄のさとうきびで作った原料糖から、まろやかな甘さのお砂糖に仕上げました。 コクのある甘さで、お料理をおいしく仕上げます。","三井製糖","原料糖（沖縄産さとうきび100％）","直射日光、高温多湿をさけて常温で保存して下さい。",NULL,NULL,600,1,2,"2019-01-02 04:07:48","2019-01-02 04:07:48"
30,"沖縄の恵み糖。",NULL,"沖縄のさとうきびからつくった原料糖に、沖縄の海から採取した珊瑚カルシウムを配合しました。 ふんわりとやわらかい風味で、上白糖と同じように使えます。便利なチャック付き。","三井製糖","原料糖（沖縄産さとうきび100％）、サンゴカルシウム（沖縄産100％）","直射日光、高温多湿をさけて常温で保存して下さい。",NULL,NULL,400,1,2,"2019-01-02 04:18:35","2019-01-02 04:18:35"
31,"やんばる糖",NULL,"沖縄やんばる地方でつくられる、沖縄産原料100％の加工黒砂糖。お菓子感覚でそのまま食べるひとくちサイズです。 素朴で味わい深い甘さは、1粒で満足のおいしさ。小腹がすいた時や疲れた時におすすめです。","三井製糖","原料糖※（沖縄産さとうきび100％）、糖蜜（沖縄産さとうきび100％）、黒砂糖（沖縄産）、水酸化カルシウム※","直射日光、高温多湿をさけて常温で保存して下さい。",NULL,NULL,300,1,2,"2019-01-02 04:21:00","2019-01-02 04:21:00"
32,"粉末やんばる糖",NULL,"「やんばる糖」の粉末タイプ。沖縄やんばる地方でつくられる、沖縄原料100％の加工黒砂糖です。 豊かな風味は煮込みにコクを出し、お菓子づくりでも素朴な色合いが楽しめます。","三井製糖","原料糖（沖縄産さとうきび100％）、糖蜜（沖縄産さとうきび100％）、黒砂糖（沖縄産）、水酸化カルシウム","直射日光、高温多湿をさけて常温で保存して下さい。",NULL,NULL,300,1,2,"2019-01-02 04:22:41","2019-01-02 04:22:41"
33,"本きび赤糖",NULL,"沖縄の太陽を浴びて育ったさとうきびからつくった原料糖と糖蜜を原料に、味わい深い砂糖に仕上げました。 豊かな甘さで、お料理やお菓子をおいしく仕上げます。","三井製糖","原料糖（沖縄産さとうきび100％）、糖蜜（沖縄産さとうきび100％）／水酸化カルシウム","直射日光、高温多湿をさけて常温で保存して下さい。",NULL,NULL,400,1,2,"2019-01-02 04:25:36","2019-01-02 04:25:36"
34,"沖縄黒砂糖",NULL,"沖縄のさとうきびの絞汁を煮詰めてつくる、風味豊かな黒砂糖。 そのままお茶請けに。お料理のかくし味、お菓子づくりにも。","三井製糖","さとうきび（沖縄産）","直射日光、高温多湿をさけて常温で保存して下さい。",NULL,NULL,300,1,2,"2019-01-02 04:27:39","2019-01-02 04:27:57"
35,"沖縄粉末黒砂糖",NULL,"沖縄のさとうきびの絞汁を煮詰めてつくる、風味豊かな黒砂糖を粉末タイプにしました。 煮物などのお料理、お菓子づくりに。","三井製糖","さとうきび（沖縄産）","直射日光、高温多湿をさけて常温で保存して下さい。",NULL,NULL,300,1,2,"2019-01-02 05:27:49","2019-01-02 05:27:49"
36,"ティータイムメイト® 8g",NULL,"8gスティックタイプのグラニュ糖。コーヒー、紅茶に欠かせません。 お料理、お菓子づくりにも、1本の量が決まっているので計量する手間が省けて便利です。","三井製糖","原料糖","直射日光、高温多湿をさけて常温で保存して下さい。",NULL,NULL,8,3,2,"2019-01-02 05:33:54","2019-01-02 05:33:54"
37,"ティータイムメイト® 6g",NULL,"6gスティックタイプのグラニュ糖。コーヒー、紅茶に欠かせません。 お料理、お菓子づくりにも、1本の量が決まっているので計量する手間が省けて便利です。","三井製糖","原料糖","直射日光、高温多湿をさけて常温で保存して下さい。",NULL,NULL,6,3,2,"2019-01-02 05:36:42","2019-01-02 05:36:42"
38,"ティータイムメイト® 5g",NULL,"5gスティックタイプのグラニュ糖。コーヒー、紅茶に欠かせません。 お料理、お菓子づくりにも、1本の量が決まっているので計量する手間が省けて便利です。","三井製糖","原料糖","直射日光、高温多湿をさけて常温で保存して下さい。",NULL,NULL,5,3,2,"2019-01-02 05:38:29","2019-01-02 05:38:29"
39,"ティータイムメイト® 4g",NULL,"4gスティックタイプのグラニュ糖。コーヒー、紅茶に欠かせません。 お料理、お菓子づくりにも、1本の量が決まっているので計量する手間が省けて便利です。","三井製糖","原料糖","直射日光、高温多湿をさけて常温で保存して下さい。",NULL,NULL,4,3,2,"2019-01-02 05:48:35","2019-01-02 05:48:35"
40,"ティータイムメイト® 3g",NULL,"3gスティックタイプのグラニュ糖。コーヒー、紅茶に欠かせません。 お料理、お菓子づくりにも、1本の量が決まっているので計量する手間が省けて便利です。","三井製糖","原料糖","直射日光、高温多湿をさけて常温で保存して下さい。",NULL,NULL,3,3,2,"2019-01-02 05:50:59","2019-01-02 05:50:59"
41,"ティータイムメイト® 2g",NULL,"2gスティックタイプのグラニュ糖。コーヒー、紅茶に欠かせません。 お料理、お菓子づくりにも、1本の量が決まっているので計量する手間が省けて便利です。","三井製糖","原料糖","直射日光、高温多湿をさけて常温で保存して下さい。",NULL,NULL,2,3,2,"2019-01-02 06:25:19","2019-01-02 06:25:19"
42,"角砂糖",NULL,"グラニュ糖を四角に固めて1粒ずつ丁寧につくる、レトロ感あふれる角砂糖。 コーヒー、紅茶に入れて、ゆっくりとティータイムをお楽しみください。またお料理にも便利です。","三井製糖","グラニュ糖","お買い上げ後は、直射日光、高温多湿をさけて常温で保存してください。虫の侵入やにおい移りを防ぐため、密閉できる容器に入れてください。",NULL,NULL,450,1,2,"2019-01-02 06:34:04","2019-01-02 06:34:04"
43,"1/2上白糖",NULL,"半分の使用量で、砂糖のおいしさそのまま。上白糖を主原料に、高甘味度甘味料をプラスしました。 半分の量を目安に、上白糖と同じようにお料理、飲み物やデザートにお使いいただけます。砂糖のおいしさとはたらきが活きています。","三井製糖","上白糖、甘味料（アセスルファムカリウム、ステビア）、糖転移ビタミンP","直射日光、高温多湿をさけて常温で保存して下さい。",NULL,NULL,250,1,2,"2019-01-02 06:43:28","2019-01-02 06:43:28"
45,"1/2三温糖",NULL,"半分の使用量で、砂糖のおいしさそのまま。三温糖を主原料に、高甘味度甘味料をプラスしました。 半分の量を目安に、三温糖と同じように毎日のお料理にお使いいただけます。砂糖のおいしさとはたらきが活きています。","三井製糖","三温糖、甘味料（アセスルファムカリウム、ステビア）、糖転移ビタミンP","直射日光、高温多湿をさけて常温で保存して下さい。",NULL,NULL,250,1,2,"2019-01-02 06:47:29","2019-01-02 06:47:29"
46,"おいしくってカロリーゼロ",NULL,"エリスリトールに砂糖生まれの高甘味度甘味料「スクラロース」をプラスし、透明感のあるさわやかな甘さが特徴です。煮物や長時間加熱料理、卵料理にも同じように使えます。","三井製糖","エリスリトール、甘味料（スクラロース）","直射日光、高温多湿をさけて常温で保存して下さい。",NULL,NULL,150,1,2,"2019-01-02 06:49:49","2019-01-02 06:49:49"
47,"すこしですむさとう",NULL,"砂糖のおいしさそのままで使用量1/4（重量比較）。グラニュ糖を主原料に、砂糖生まれの高甘味度甘味料「スクラロース」をプラスし、砂糖の約4倍の甘さに調整した甘味料です。 毎日のお料理に。煮物や長時間加熱料理、卵料理にも同じように使えます。","三井製糖","グラニュ糖、甘味料（スクラロース）","直射日光、高温多湿をさけて常温で保存して下さい。",NULL,NULL,120,1,2,"2019-01-02 06:51:08","2019-01-02 06:51:08"
48,"パラチニット®スイート",NULL,"砂糖から生まれた「パラチニット®（還元パラチノース®）※」を主原料とした低カロリー甘味料。 キレの良いさっぱりとした甘さで、カロリー88％オフ（砂糖5gとの比較）です。1本は砂糖5gの甘さです。","三井製糖","還元パラチノース®（パラチニット®）、甘味料（アスパルテーム：L-フェニルアラニン化合物）、糖転移ビタミンP","直射日光、高温多湿をさけて常温で保存して下さい。",NULL,NULL,1,1,2,"2019-01-02 07:01:49","2019-01-02 07:01:49"
49,"かしこいかあさんの三温糖®",NULL,"人気の三温糖に、牛乳生まれの乳清焼成カルシウムをたっぷり配合。さらに当社独自の素材「焙焼蜜」をプラスして、コクのある砂糖に仕上げました。 家族の健康を考えるおかあさんに使っていただきたい砂糖です。","三井製糖","三温糖、焙焼蜜、果糖ぶどう糖液糖、乳清焼成カルシウム","直射日光、高温多湿をさけて常温で保存して下さい。",NULL,NULL,400,1,2,"2019-01-02 07:04:12","2019-01-02 07:04:12"
50,"レモンシュガー20p",NULL,"紅茶、レモネードにぴったりのレモン風味の砂糖です。1袋にレモン2個分のビタミンC入。 発売以来約半世紀にわたって、お客様にご愛用いただいているロングセラー商品です。ヨーグルトやお菓子づくりにもお使いいただけます。","三井製糖","グラニュ糖、レモン果汁粉末／香料、ビタミンC、酸味料、着色料（ビタミンB2）","直射日光、高温多湿をさけて常温で保存して下さい。",NULL,NULL,200,1,2,"2019-01-02 07:06:30","2019-01-02 07:06:30"
51,"レモンシュガー国産",NULL,"紅茶、ヨーグルトやトーストにおススメのレモン風味の砂糖です。ロングセラー商品レモンシュガーの姉妹品。 国産のレモンピール・果汁を使用し、従来のレモンシュガーよりレモン風味を増強しました。 ティースプーン3杯（10g）に1日に必要なビタミンC（レモン5個分）入り","三井製糖","砂糖、レモン果汁粉末、レモン果皮粉末/ビタミンC、香料、酸味料","直射日光、高温多湿をさけて常温で保存して下さい。",NULL,NULL,80,1,2,"2019-01-02 07:10:48","2019-01-02 07:10:48"
52,"レモンシュガーすっぱめ",NULL,"レモネードやヨーグルトにおススメの、すっぱめのレモン風味の砂糖です。ロングセラー商品レモンシュガーの姉妹品。 国産のレモンピール・果汁を使用し、従来のレモンシュガーよりレモン風味、酸味を増強しました。刺激的なすっぱさは、疲れたときやリフレッシュしたいときにぴったりです。 ティースプーン3杯（10g）に1日に必要なビタミンC（レモン5個分）入り。","三井製糖","砂糖、レモン果汁粉末、レモン果皮粉末/酸味料、ビタミンC、香料","直射日光、高温多湿をさけて常温で保存して下さい。",NULL,NULL,80,1,2,"2019-01-02 07:13:27","2019-01-02 07:13:27"
53,"ロザッティ®",NULL,"コーヒーの香りが生きるコーヒーシュガー「ロザッティ®」シリーズ。日本で初めて開発された、コーヒー専用の砂糖です。 高純度の糖液にカラメルを溶け込ませて、ゆっくりと琥珀色に結晶させました。コーヒーの風味とコクを深めます。","三井製糖","砂糖、カラメル色素","直射日光、高温多湿をさけて常温で保存して下さい。",NULL,NULL,320,1,2,"2019-01-02 07:14:38","2019-01-02 07:14:38"
54,"ロザッティ® スティック",NULL,"コーヒーの香りが生きるコーヒーシュガー「ロザッティ®」シリーズ。日本で初めて開発された、コーヒー専用の砂糖です。高純度の糖液にカラメルを溶け込ませて、ゆっくりと琥珀色に結晶させました。 コーヒーの風味とコクを深めます。コーヒー1杯にちょうど良い6gをスティックに詰めました。","三井製糖","砂糖、カラメル色素","直射日光、高温多湿をさけて常温で保存して下さい。",NULL,NULL,6,3,2,"2019-01-02 07:17:52","2019-01-02 07:17:52"
55,"氷砂糖 ロック",NULL,"高純度の糖液から長い時間をかけて結晶化させました。ごつごつのロックタイプ。 梅酒をはじめとする果実酒に使われます。","三井製糖","グラニュ糖","直射日光、高温多湿をさけて常温で保存して下さい。",NULL,NULL,1000,1,2,"2019-01-02 07:19:06","2019-01-02 07:19:06"
56,"氷砂糖 クリスタル",NULL,"高純度の糖液から丁寧に結晶化させました。粒の大きさがそろったクリスタルタイプ。 梅酒をはじめとする果実酒に使われます。そのままキャンディとして、また非常食としても役立ちます。","三井製糖","グラニュ糖","直射日光、高温多湿をさけて常温で保存して下さい。",NULL,NULL,1000,1,2,"2019-01-02 07:21:30","2019-01-02 07:21:30"
57,"粉砂糖",NULL,"グラニュ糖をすりつぶした、きめの細かい砂糖です。かたまりにくく混ざりやすいので、いつでも簡単にお菓子づくりが楽しめます。 ケーキなどのデコレーションやアイシング、フルーツに。便利なチャック付き。","三井製糖","グラニュ糖、澱粉分解物","直射日光、高温多湿をさけて常温で保存して下さい。",NULL,NULL,150,1,2,"2019-01-02 07:23:00","2019-01-02 07:23:00"
58,"サッと溶けるお砂糖",NULL,"空気を含んだ顆粒状なので、溶けやすく混ざりやすいお砂糖です。 サッと溶けて、なめらかな口当たりです。 ヨーグルトのほか、アイスコーヒーなどの冷たい飲み物にも素早く溶けます。","三井製糖","グラニュ糖","直射日光、高温多湿をさけて常温で保存して下さい。",NULL,NULL,100,1,2,"2019-01-02 07:39:01","2019-01-02 07:39:01"
59,"赤穂西浜の手塩",NULL,"瀬戸内・赤穂の海水とにがりから一貫生産する国産塩。しっとりとした手ざわりで、カドのとれたまろやかな塩味です。 国内で最も古い製塩地のひとつ「赤穂西浜」で製造しています。","三井製糖","海水","直射日光、高温多湿をさけて常温で保存して下さい。",NULL,NULL,350,1,2,"2019-01-02 07:41:05","2019-01-02 07:41:05"
60,"スローカロリーシュガー",NULL,"","三井製糖","パラチノース®、砂糖、果糖ぶどう糖液糖","直射日光、高温多湿をさけて常温で保存して下さい。",NULL,NULL,0,1,2,"2019-01-02 07:47:52","2019-01-02 07:47:52"
61,"白砂糖",NULL,"一般に上白糖とも呼ばれ、日本で使われている砂糖の約半分がこの砂糖になります。調理用・菓子用・飲み物などにお使いいただけます。","日新製糖","NA","NA",NULL,NULL,500,1,2,"2019-01-02 12:35:52","2019-01-02 12:35:52"
62,"白砂糖(ボックスシュガーミニ)",NULL,"「パッケージにチャックがなくてゴム止めは面倒」というお客様の声に応えました。詰め替えずにそのまま使えて扱いやすいチャック付きボックスタイプ、少人数のご家庭向きのパッケージです。","日新製糖","NA","NA",NULL,NULL,400,1,2,"2019-01-02 12:46:19","2019-01-02 12:46:19"
63,"グラニュ糖",NULL,"結晶が白砂糖（上白糖）よりやや大きく、さらさらした感じの高純度の砂糖です。クセがなく淡泊な甘味で素材の風味を生かします。コ－ヒ－や紅茶などの飲み物やお菓子作りに最適です。","日新製糖","NA","NA",NULL,NULL,500,1,2,"2019-01-02 12:47:32","2019-01-02 12:47:32"
64,"グラニュ糖(ボックスシュガーミニ)",NULL,"パッケージにチャックがなくてゴム止めは面倒」というお客様の声に応えました。詰め替えずにそのまま使えて扱いやすいチャック付きボックスタイプ、少人数のご家庭向きのパッケージです。","日新製糖","NA","NA",NULL,NULL,400,1,2,"2019-01-02 12:52:45","2019-01-02 12:53:03"
65,"三温糖",NULL,"白砂糖（上白糖）に比べわずかながら純度が低く、黄褐色なのが特徴です。甘味も強く、独特のコクがあり、佃煮、煮物、お菓子などにお使いいただけます。","日新製糖","NA","NA",NULL,NULL,500,1,2,"2019-01-02 12:56:13","2019-01-02 12:56:13"
66,"白ザラ糖",NULL,"梅・果実酒用につくられた大きな結晶のお砂糖です。餡、ゼリーなどにもお使いいただけます。","日新製糖","NA","NA",NULL,NULL,1000,1,2,"2019-01-02 13:15:41","2019-01-02 13:15:41"
67,"中ザラ糖",NULL,"純度の高い黄褐色の砂糖です。煮物に照りとコクを出します。他に漬物、綿菓子などにお使いいただけます。","日新製糖","NA","NA",NULL,NULL,500,1,2,"2019-01-02 13:16:56","2019-01-02 13:16:56"
69,"きび砂糖",NULL,"三温糖は完全に精製された砂糖液から、白砂糖やグラニュ糖などをくり返し作った後の液を結晶させて作ります。三温糖の色は、精製の工程で加熱をくり返すことにより付いたものです。成分も白砂糖とさほど違いません。 これに対し、きび砂糖は精製途中の砂糖液を、そのまま煮詰めて作ります。そのため、さとうきびの風味とミネラルが活きています。","日新製糖","NA","NA",NULL,NULL,750,1,2,"2019-01-02 13:34:46","2019-01-02 13:34:46"
70,"プレミアムきび砂糖",NULL,"「プレミアムきび砂糖」は当社の人気商品「きび砂糖」をさらにバージョンアップさせた風味豊かでおいしさいっぱいのお砂糖です。","日新製糖","NA","NA",NULL,NULL,400,1,2,"2019-01-02 13:45:28","2019-01-02 13:47:08"
71,"きび砂糖SPECIAL",NULL,"カップ印の大人気商品がボックスシュガーで新登場！国産原料１００％と厳選された原料と、こだわりの製法で仕上げた風味豊かで、ちょっと贅沢なお砂糖です。チャック付でそのまま保存できる便利なボックスタイプで、少人数のご家庭や、少しだけ使いたい方におすすめです。","日新製糖","NA","NA",NULL,NULL,300,1,2,"2019-01-02 13:49:31","2019-01-02 13:49:31"
72,"きび砂糖ペットシュガー",NULL,"きび砂糖は、さとうきびの持っている自然の風味やミネラルを活かすよう、当社独自の製法で作ったお砂糖です。 顆粒タイプで溶けやすく、素材の風味をそこなわないソフトな甘さが特徴です。","日新製糖","NA","NA",NULL,NULL,5,1,2,"2019-01-02 13:51:52","2019-01-02 13:51:52"
73,"きび砂糖ミニ角",NULL,"きび砂糖をコーヒー紅茶用にマイルドに仕上げました。 1粒が約1gですのでお好みの甘さにあわせてお使いいただけます。","日新製糖","NA","NA",NULL,NULL,220,1,2,"2019-01-02 13:53:32","2019-01-02 13:53:32"
74,"カルシウム糖",NULL,"「日本人に不足がちな栄養素」としてカルシウムがクローズアップされ、高齢化社会を迎えて骨粗しょう症など骨への関心が高まるのを背景に、開発したお砂糖です。 カルシウム糖大さじ一杯（10g）あたり、50mgのカルシウムと10mgのマグネシウムを含んでいます。","日新製糖","NA","NA",NULL,NULL,500,1,2,"2019-01-02 13:55:34","2019-01-02 13:55:34"
75,"カップシュガー3g",NULL,"グラニュ糖を3g小分け包装しました。 コーヒー、紅茶に最適です。","日新製糖","NA","NA",NULL,NULL,3,3,2,"2019-01-02 13:56:58","2019-01-02 13:56:58"
76,"カップシュガー5g",NULL,"グラニュ糖を5g小分け包装しました。 コーヒー、紅茶に最適です。","日新製糖","NA","NA",NULL,NULL,5,1,2,"2019-01-02 13:58:10","2019-01-02 13:58:10"
77,"カップシュガー6g",NULL,"グラニュ糖を6g小分け包装しました。 コーヒー、紅茶に最適です。","日新製糖","NA","NA",NULL,NULL,6,3,2,"2019-01-02 13:59:01","2019-01-02 13:59:01"
78,"ダイエットプランカロリーゼロ スティック3g",NULL,"ダイエットプランカロリーゼロ　スティック3gは、エリスリトールに微量のスクラロースをコーティングした「カロリーゼロ」の甘味料です。 ぶどう糖生まれの清涼感のあるさわやかな甘味質の「エリスリトール」に、砂糖生まれで砂糖に似た甘味質を持つ「スクラロース」をコーティングし後味の残らないすっきりとした自然な甘さを実現しました。 スティック1本（3g）は砂糖6g相当の甘さです。","日新製糖","NA","NA",NULL,NULL,3,3,2,"2019-01-03 02:05:51","2019-01-03 02:05:51"
79,"ダイエットプランカロリーゼロ　スタンドパック",NULL,"甘味度が砂糖の１倍なのでレシピ通り「大さじ１＝大さじ１」でお使いいただける料理に使いやすいカロリーゼロの甘味料です。かさでも重さでも砂糖と同じ量でお使いいただけ、面倒な換算の手間がかかりません。 ダイエットプランカロリーゼロは、エリスリトールに微量のスクラロースをコーティングした「カロリーゼロ」の甘味料です。スクラロースは砂糖生まれで、砂糖に似た甘味質を持つ甘味料です。後味の残らないスッキリとした自然な甘さが特徴です。","日新製糖","NA","NA",NULL,NULL,150,1,2,"2019-01-03 02:09:12","2019-01-03 02:09:12"
81,"カップシュガー使用量1/3",NULL,"グラニュ糖にアスパルテームをコーティングし、スティック１本(2g)で砂糖6g相当の甘味を実現しました。砂糖の約1/3の使用量で済み、カロリーを軽減できます。砂糖をベースにしているため、砂糖の美味しさがいきている低カロリー甘味料です。","日新製糖","NA","NA",NULL,NULL,2,3,2,"2019-01-03 02:13:08","2019-01-03 02:13:08"
82,"角砂糖",NULL,"原料は純度の高いグラニュ糖です。1粒が約3.3gですので甘さの調節がしやすく、お料理にもお使いいただけます。","日新製糖","NA","NA",NULL,NULL,450,1,2,"2019-01-03 02:16:58","2019-01-03 02:16:58"
83,"フランス風角砂糖",NULL,"味覚に厳しいフランスの人々に100年以上愛され続けてきた、伝統ある製法で作られたクラシックな角砂糖です（国産品）。大小さまざまな形と素朴な風合がティータイムの華麗な演出に最適です。","日新製糖","NA","NA",NULL,NULL,250,1,2,"2019-01-03 02:19:02","2019-01-03 02:19:02"
84,"フランス風角砂糖 (ホワイト)",NULL,"フランスの人々に愛されてきたタイプの角砂糖です。大小さまざまなグラニュ糖の結晶で作った自然な形と素朴な風合がティータイムの華麗な演出に最適です。","日新製糖","NA","NA",NULL,NULL,1000,1,2,"2019-01-03 02:31:37","2019-01-03 02:31:37"
85,"フランス風角砂糖 (ブラウン)",NULL,"フランスの人々に愛されてきたタイプの角砂糖です。大小さまざまなグラニュ糖の結晶で作った自然な形と素朴な風合がティータイムの華麗な演出に最適です。","日新製糖","NA","NA",NULL,NULL,1000,1,2,"2019-01-03 02:33:09","2019-01-03 02:33:09"
86,"珈琲糖（6g×20）",NULL,"細目のコーヒーシュガーを6gに小分け包装しました。コーヒー本来の風味をいかし、まろやかな味に仕上げます。お使いになるときは温めたカップに珈琲糖を入れ、その上から熱いコーヒーを注いでください。","日新製糖","NA","NA",NULL,NULL,6,1,2,"2019-01-03 02:34:40","2019-01-03 02:34:40"
87,"珈琲糖（350g）",NULL,"コーヒー本来の風味をいかし、まろやかな味に仕上げます。お使いになるときは温めたカップに珈琲糖を入れ、その上から熱いコーヒーを注いでください。","日新製糖","NA","NA",NULL,NULL,350,1,2,"2019-01-03 02:36:04","2019-01-03 02:36:04"
88,"コーヒーシュガー1kg",NULL,"コーヒー本来の風味をいかし、まろやかな味に仕上げます。お使いになるときは温めたカップに珈琲糖を入れ、その上から熱いコーヒーを注いでください。","日新製糖","NA","NA",NULL,NULL,1000,1,2,"2019-01-03 02:36:51","2019-01-03 02:36:51"
89,"ガムシロップ 11g",NULL,"１個あたり11gのシロップです。使いやすく便利なポーションタイプにしました。果糖のさわやかな甘さが、アイスコーヒー・アイスティーの風味を引き立て、おいしく仕上げます。","日新製糖","NA","NA",NULL,NULL,11,1,2,"2019-01-03 02:39:15","2019-01-03 02:39:15"
90,"ガムシロップカロリーゼロ",NULL,"「軽い甘さ」と「カロリーゼロ」が特長で、コーヒーやミルクなどの飲み物の持つ味わいを損ないません。","日新製糖","NA1","NA",NULL,NULL,7,1,2,"2019-01-03 02:44:40","2019-01-03 02:44:40"
91,"粉末黒砂糖 300g",NULL,"「軽い甘さ」と「カロリーゼロ」が特長で、コーヒーやミルクなどの飲み物の持つ味わいを損ないません。粉末の黒砂糖です。黒砂糖は南国の太陽をいっぱいに浴びて育ったさとうきびの搾り汁を煮詰めてつくります。粉末なので、お料理やお菓子づくりに使いやすく便利です。","日新製糖","NA","NA",NULL,NULL,300,1,2,"2019-01-03 02:48:50","2019-01-03 02:48:50"
92,"焚黒黒砂糖",NULL,"黒砂糖と原料糖を溶かし、それを煮詰めてつくる、苦みの少ないマイルドな味の加工黒糖です。 黒蜜、煮物、お漬け物、果実酒などにもお使いいただけます。","日新製糖","NA","NA",NULL,NULL,300,1,2,"2019-01-03 02:50:43","2019-01-03 02:50:43"
93,"粉末焚黒黒砂糖",NULL,"焚黒黒砂糖を粉末にしたものです。黒砂糖と原料糖を溶かし、それを煮詰めてつくる、苦みの少ないマイルドな味の加工黒糖が焚黒黒砂糖です。 黒蜜、煮物、お漬け物、果実酒などにもお使いいただけます。","日新製糖","NA","NA",NULL,NULL,300,1,2,"2019-01-03 02:51:53","2019-01-03 02:51:53"
94,"固形加工黒糖",NULL,"さとうきびでつくった原料糖と黒砂糖を合わせて、風味豊かに炊きあげた固形タイプの加工黒糖。使いやすいチャック付きのパッケージです。手軽につまめるおやつとして、ほどよいサイズと固さです。さくさくほろりと際立つ甘さをお楽しみください。","日新製糖","NA","NA",NULL,NULL,300,1,2,"2019-01-03 02:52:38","2019-01-03 02:52:38"
95,"粉末加工黒糖",NULL,"さとうきびでつくった原料糖と黒砂糖を合わせて、風味豊かに炊きあげた粉末タイプの加工黒糖。使いやすいチャック付きのパッケージです。さらっと溶けるのでいつもの料理やお菓子作りにお使いただけます。黒砂糖のなつかしい味わいでいつもの料理がさらに美味しく仕上がります。","日新製糖","NA","NA",NULL,NULL,300,1,2,"2019-01-03 02:53:28","2019-01-03 02:53:28"
96,"フロストシュガースタンドパック",NULL,"冷たい水にもサッと溶け、ソフトな甘さです。ヨーグルトやアイスコーヒーなどの冷たい飲み物にお使いいただけます。生クリームなどの練りこみ、フォンダンなどのお菓子づくりにもおすすめです。","日新製糖","NA","NA",NULL,NULL,300,1,2,"2019-01-03 02:54:31","2019-01-03 02:54:31"
97,"ヨーグルト用のお砂糖",NULL,"ヨーグルトにも、冷たい水にもサッと溶けるフロストシュガーのスティックタイプ。手で簡単に切れるスティックなので、忙しい朝にピッタリです。","日新製糖","NA","NA",NULL,NULL,8,1,2,"2019-01-03 02:55:21","2019-01-03 02:55:21"
98,"パウダーシュガーペースト",NULL,"お砂糖（フロストシュガー）およびガム質を主体に作った粉末状のシュガークラフト用原料です。水を加えて練り込むだけで、簡単にシュガーペーストを作ることができます。","日新製糖","NA","NA",NULL,NULL,1000,1,2,"2019-01-03 02:55:54","2019-01-03 02:55:54"
99,"NZ 粉糖",NULL,"コーンスターチを使用しない当社独自の製法で作った粉糖で、甘みも純糖と変わりありません。ケ－キや洋菓子のデコレ－ションに最適です。3kgおよび１kg包装ですので、業務用としてもお使いいただけます。","日新製糖","NA","NA",NULL,NULL,1000,1,2,"2019-01-03 02:57:17","2019-01-03 02:57:17"
100,"Z-200 粉糖",NULL,"コーンスターチを使用しない当社独自の製法で作った粉糖です。固まりにくいばかりでなく、おいしくて、ご家庭でのお菓子作りに最適です。ケ－キや洋菓子のデコレ－ション、またチョコレート、バタークリームの練りこみなどにお使いいただけます。","日新製糖","NA","NA",NULL,NULL,200,1,2,"2019-01-03 04:26:08","2019-01-03 04:26:08"
101,"NZ-20kg",NULL,"オリゴ糖を混合することにより固まりにくい粉糖にしました。固結防止にコーンスターチを使用していないため、口溶けが良く、水に溶かしても白くにごりません。また、甘味も純糖の粉糖と変わりありませんので、ケーキや洋菓子のデコレーションに最適です。","日新製糖","NA","NA",NULL,NULL,2000,1,2,"2019-01-03 04:28:15","2019-01-03 04:28:15"
102,"氷砂糖クリスタル",NULL,"機械を使って造られるため、ロックタイプの氷砂糖と比較して粒径の大きさは均一で小さめです。果実酒をお作りになられる場合は、クリスタルタイプとロックタイプのどちらをお使いになってもできあがりにほとんど差はありませんので、お好みでお使いいただけます。","日新製糖","NA","NA",NULL,NULL,500,1,2,"2019-01-03 04:41:39","2019-01-03 04:41:39"
103,"氷砂糖ロック",NULL,"昔ながらの製法で造られるもので、粒径が大きな氷砂糖です。一般的にクリスタルタイプの氷砂糖よりも若干早く溶けると言われていますが、果実酒をお作りになる場合は、クリスタルタイプとロックタイプのどちらをお使いになってもできあがりにほとんど差はありませんので、お好みでお使いいただけます。","日新製糖","NA","NA",NULL,NULL,1000,1,2,"2019-01-03 04:42:50","2019-01-03 04:42:50"
104,"果糖",NULL,"切れ味の良いすっきりさわやかな甘さで、梅酒などの果実酒から、お料理、お菓子作りにもお使いいただけます。","日新製糖","NA","NA",NULL,NULL,700,1,2,"2019-01-03 04:44:17","2019-01-03 04:44:17"
105,"カップオリゴH-70（シロップ）",NULL,"カップオリゴは牛乳の中に含まれる乳糖を原料に日新製糖が最新のバイオ技術を駆使して開発したオリゴ糖です。ビフィズス菌増殖促進物質として有効なガラクトオリゴ糖を主成分とする食品用糖質で物性面に優れ、しかも母乳にも含まれる素材で安心です。お客様の用途に合わせてシロップと粉末の2つのタイプを取り揃えております。健康志向の食品素材として御社の製品作りにご利用下さい。","日新製糖","NA","NA",NULL,NULL,25000,3,2,"2019-01-03 04:46:08","2019-01-03 04:46:08"
106,"カップオリゴP(粉末)",NULL,"カップオリゴは牛乳の中に含まれる乳糖を原料に日新製糖が最新のバイオ技術を駆使して開発したオリゴ糖です。ビフィズス菌増殖促進物質として有効なガラクトオリゴ糖を主成分とする食品用糖質で物性面に優れ、しかも母乳にも含まれる素材で安心です。お客様の用途に合わせてシロップと粉末の2つのタイプを取り揃えております。健康志向の食品素材として御社の製品作りにご利用下さい。","日新製糖","NA","NA",NULL,NULL,10000,3,2,"2019-01-03 04:46:45","2019-01-03 04:46:45"
107,"オリゴの王様（ガラクトオリゴ配合）",NULL,"オリゴの王様は熱や酸に強いガラクトオリゴ糖を配合した使いやすい液体タイプの甘味料です。 ビフィズス菌増殖促進物質として有効なガラクトオリゴ糖を配合しており、 熱や酸に強いため、珈琲や紅茶など温かい飲み物にもお使い頂けます。 また毎日のお料理などにも幅広くお使い頂けます。","日新製糖","果糖ぶどう糖液糖、ガラクトオリゴ糖液糖","直射日光、高温になる場所を避けて常温で保存してください。",NULL,NULL,250,2,2,"2019-01-03 04:47:40","2019-01-03 04:47:40"
108,"上白糖",NULL,"最もポピュラーな砂糖。どんなお料理にもピッタリの万能選手。結晶が細かく、しっとりとしたソフトな感じと風味の日本独自の砂糖です。","フジ日本精糖株式会社","NA","NA",NULL,NULL,0,1,2,"2019-01-03 05:17:29","2019-01-03 05:17:29"
109,"グラニュ糖",NULL,"結晶が上白糖よりやや大きく、サラサラとした感じの純度の高い砂糖です。クセのない淡白な甘さで、コーヒーや紅茶に最適です。","フジ日本精糖株式会社","NA","NA",NULL,NULL,0,1,2,"2019-01-03 05:20:14","2019-01-03 05:20:14"
110,"中双糖",NULL,"結晶の大きさは白ざら糖とほぼ同じです。黄褐色をしていますが、純度の高い砂糖です。まろやかな風味が煮物のうま味を一段と引き立てます。","フジ日本精糖株式会社","NA","NA",NULL,NULL,0,1,2,"2019-01-03 05:21:20","2019-01-03 05:21:20"
111,"三温糖",NULL,"上白糖と同じソフトシュガーで、黄褐色をしています。蜜分を多く含んでいるので特有の風味があり、甘さも強く感じられます。","フジ日本精糖株式会社","NA","NA",NULL,NULL,0,1,2,"2019-01-03 05:22:07","2019-01-03 05:22:07"
112,"スティックシュガー",NULL,"グラニュ糖を3g・4g・5g・6g・8gに個包装したスティックタイプです。グラム別に異なるカラーデザインを採用し、見た目も楽しい商品です。 コーヒー、紅茶に、お好みの量でお楽しみ下さい。 本格派の方には、コーヒーの味と香りを引き立てる、コーヒーシュガーを包装した商品もご用意しています。","大日本明治製糖","NA","NA",NULL,NULL,3,1,2,"2019-01-03 05:47:18","2019-01-03 05:47:18"
113,"スティックコーヒーシュガー",NULL,"グラニュ糖を3g・4g・5g・6g・8gに個包装したスティックタイプです。グラム別に異なるカラーデザインを採用し、見た目も楽しい商品です。 コーヒー、紅茶に、お好みの量でお楽しみ下さい。 本格派の方には、コーヒーの味と香りを引き立てる、コーヒーシュガーを包装した商品もご用意しています。","大日本明治製糖","NA","NA",NULL,NULL,6,1,2,"2019-01-03 05:48:34","2019-01-03 05:48:34"
114,"上白糖",NULL,"しっとりした白いお砂糖  もっともよく使われている日本独特のお砂糖です。 料理はもちろんのこと、お菓子や飲み物などどんな用途にもあうお砂糖の優等生です。","大日本明治製糖","NA","NA",NULL,NULL,1000,1,2,"2019-01-03 05:50:25","2019-01-03 05:50:25"
115,"三温糖",NULL,"独特の甘さとコクを生むお砂糖  濃厚な甘さと特有の風味がある黄褐色のお砂糖です。料理をツヤよく仕上げ、煮物や佃煮にひと味ちがうおいしさをプラスしてくれます。","大日本明治製糖","NA","NA",NULL,NULL,1000,1,2,"2019-01-03 05:53:01","2019-01-03 05:53:01"
116,"グラニュ糖",NULL,"くせのないすっきりした甘さのお砂糖  結晶が上白糖よりやや大きく、さらさらした高純度のお砂糖です。すっきりした甘さで素材の風味を活かすことができるので、お菓子や、香りを楽しむコーヒー、紅茶によくあいます。","大日本明治製糖","NA","NA",NULL,NULL,1000,1,2,"2019-01-03 05:54:09","2019-01-03 05:54:09"
117,"中双糖",NULL,"まろやかな風味のあるお砂糖  結晶の大きさは白双糖とほぼ同じで純度の高い琥珀色のお砂糖です。そばつゆや煮物のほか漬物の味をおいしく引き立てます。","大日本明治製糖","NA","NA",NULL,NULL,1000,1,2,"2019-01-03 05:55:23","2019-01-03 05:55:23"
118,"白双糖",NULL,"透明感がある上品な甘さのお砂糖  結晶がグラニュ糖よりも大きく、無色透明な光沢のある高純度のお砂糖です。綿菓子、高級和菓子、果実酒などに最適です。","大日本明治製糖","NA","NA",NULL,NULL,1000,1,2,"2019-01-03 05:56:14","2019-01-03 05:56:14"
119,"石垣島のおいしいお砂糖",NULL,"石垣島100%、美味しい、使いやすい","大日本明治製糖","NA","NA",NULL,NULL,600,1,2,"2019-01-03 05:57:58","2019-01-03 05:57:58"
120,"氷砂糖（ロック）",NULL,"そのまま食べられるキャンディーのようなお砂糖  氷のようにみえるとっても大きな結晶のお砂糖です。ゆっくりと時間をかけて溶けるので果実酒に最も適しています。煮物に使うとよいツ","大日本明治製糖","NA","NA",NULL,NULL,1000,1,2,"2019-01-03 05:58:54","2019-01-03 05:58:54"
121,"氷砂糖（クリスタル）",NULL,"そのまま食べられるキャンディーのようなお砂糖  氷のようにみえるとっても大きな結晶のお砂糖です。ゆっくりと時間をかけて溶けるので果実酒に最も適しています。煮物に使うとよいツヤがでます。","大日本明治製糖","NA","NA",NULL,NULL,1000,1,2,"2019-01-03 06:00:15","2019-01-03 06:00:15"
122,"コーヒーシュガー",NULL,"NA","大日本明治製糖","NA","NA",NULL,NULL,450,1,2,"2019-01-03 06:01:10","2019-01-03 06:01:10"
123,"クリスタルキャンディーシュガー",NULL,"NA","大日本明治製糖","NA1","NA",NULL,NULL,100,1,2,"2019-01-03 06:01:39","2019-01-03 06:01:39"
124,"料理用氷砂糖",NULL,"NA","大日本明治製糖","NA","NA",NULL,NULL,300,1,2,"2019-01-03 06:02:09","2019-01-03 06:02:09"
125,"上白糖",NULL,"どこの家庭にもあるおなじみのお砂糖でしっとりとしたソフトな風味が特徴です。料理・お菓子・飲み物など幅広く活躍するどんな料理にもぴったりの万能選手です。","塩水港精糖(パールエース)","NA","NA",NULL,NULL,1000,1,2,"2019-01-03 21:27:55","2019-01-03 21:27:55"
126," グラニュ糖　",NULL,"淡白な甘さが人気のサラサラした純度の高いお砂糖です。コーヒー・紅茶やお菓子などに相性バツグンです。","塩水港精糖(パールエース)","NA","NA",NULL,NULL,1000,1,2,"2019-01-03 21:28:38","2019-01-03 21:28:38"
127,"中双糖",NULL,"グラニュ糖より大粒で黄褐色をしたまろやかなお砂糖です。風味豊かで煮物や漬物などに最適です。","塩水港精糖(パールエース)","NA","NA",NULL,NULL,1000,1,2,"2019-01-03 22:00:50","2019-01-03 22:00:50"
129,"三温糖",NULL,"上白糖と似たしっとりとした黄褐色のお砂糖です。特有の風味とコクがあり煮物や佃煮など料理にツヤを出します。","塩水港精糖(パールエース)","NA","NA",NULL,NULL,1000,1,2,"2019-01-03 22:02:10","2019-01-03 22:02:10"
130,"パールボー　",NULL,"ハイスリムタイプのスティックシュガーをコンパクトに納めた商品です。","塩水港精糖(パールエース)","NA","NA",NULL,NULL,3,1,2,"2019-01-03 22:03:14","2019-01-03 22:03:14"
131,"ベビーパール",NULL,"甘いコーヒー・紅茶がお好みの方へおすすめのピロータイプの商品です。","塩水港精糖(パールエース)","NA","NA",NULL,NULL,6,1,2,"2019-01-03 22:04:06","2019-01-03 22:04:06"
133,"シュクレーヌ",NULL,"本グラニュ糖の極微粒完全結晶体。きめが細かく均一な仕上がりですのでお菓子作りに最適です。","塩水港精糖(パールエース)","NA","NA",NULL,NULL,200,1,2,"2019-01-03 22:07:41","2019-01-03 22:07:41"
134,"ガムシロップ",NULL,"砂糖を原料にしたやさしい甘さのシロップで13gをポーションタイプにした商品です。","塩水港精糖(パールエース)","NA","NA",NULL,NULL,13,1,2,"2019-01-03 22:08:35","2019-01-03 22:08:35"
135,"角砂糖",NULL,"グラニュ糖を四角に固めたもので、コーヒー・紅茶に使われます。","塩水港精糖(パールエース)","NA","NA",NULL,NULL,450,1,2,"2019-01-03 22:09:52","2019-01-03 22:09:52"
136,"氷砂糖　（クリスタル）",NULL,"グラニュ糖を原料として、ゆっくり時間をかけて結晶がつくられています。十六面体の結晶の形から＜クリスタル＞と呼ばれています。","塩水港精糖(パールエース)","NA","NA",NULL,NULL,1000,1,2,"2019-01-03 22:12:18","2019-01-03 22:12:18"
137," いつでもどこでもぶどう糖",NULL,"ぶどう糖を個包装し、使い勝手を向上させた商品です。","塩水港精糖(パールエース)","NA","NA",NULL,NULL,5,1,2,"2019-01-03 22:13:27","2019-01-03 22:13:27"
138,"パールエースのおいしい1/3シュガー",NULL,"原料にグラニュ糖とレバウディオサイドＡを使用し、1本（1.7g）で砂糖（グラニュ糖）5g相当の甘さなので、砂糖の約1/3の使用量で済みます。 ※レバウディオサイドＡとは、キク科植物（ステビア）から調製された植物性甘味料です。","塩水港精糖(パールエース)","NA","NA",NULL,NULL,1,1,2,"2019-01-03 22:14:48","2019-01-03 22:14:48"
139,"パールトレハ　",NULL,"グラニュ糖にトレハロースを混合したコーヒー専用シュガーです。キレの良い甘味を演出します。","塩水港精糖(パールエース)","NA","NA",NULL,NULL,3,1,2,"2019-01-03 22:15:49","2019-01-03 22:15:49"
140,"オリゴのおかげ",NULL,"カロリーはお砂糖の約半分、おなかの調子を整える甘味料。オリゴ糖のトップブランド、全国のスーパーマーケットでお求めいただけます。消費者庁許可特定保健用食品（トクホ）です。コーヒー・紅茶・ヨーグルト・果物に、煮物をはじめとするお料理にもお使いいただけます。","塩水港精糖(パールエース)","NA","NA",NULL,NULL,300,1,2,"2019-01-03 22:16:56","2019-01-03 22:17:39"
141,"オリゴのおかげ ダブルサポート　",NULL,"500gボトル入り、トクホ成分「乳果オリゴ糖」の含有量を高めた高純度シロップタイプです。ドラッグストア・薬局・薬店にて発売中です。","塩水港精糖(パールエース)","NA","NA",NULL,NULL,500,1,2,"2019-01-03 22:18:20","2019-01-03 22:18:20"
142,"オリゴのおかげ ダブルサポート顆粒　",NULL,"6gスティック入り、トクホ成分「乳果オリゴ糖」の含有量を高めた高純度顆粒品です。ドラッグストア・薬局・薬店にて発売中です。","塩水港精糖(パールエース)","NA","NA",NULL,NULL,6,1,2,"2019-01-03 22:19:22","2019-01-03 22:19:22"
143,"オリゴスティック",NULL,"1日に必要なオリゴ糖分が、スティック1本で摂取できます。 ご旅行や外出先にも携帯に便利。 使い方は簡単、ヨーグルトやコーヒー･紅茶はもちろん、そのままでも美味しく召し上がれます。 お試しサイズの7本･1週間分。","塩水港精糖(パールエース)","NA","NA",NULL,NULL,5,1,2,"2019-01-03 22:25:05","2019-01-03 22:25:05"
144," パールエースのゼロカロリー甘味料withステビア",NULL,"エリスリトールとステビアを使用した甘味料です。1本（1.8g）で砂糖3g相当の甘さで0kcalです。 ※エリスリトールはぶどう糖を発酵して作られた甘味料です。ステビアはキク科の植物で、その甘味成分レバウディオサイドAは砂糖に近い甘さ。植物由来でカラダにやさしい甘味料です。","塩水港精糖(パールエース)","NA","NA",NULL,NULL,1,1,2,"2019-01-03 22:25:58","2019-01-03 22:25:58"
145,"グラニュ糖",NULL,"NA","日本甜菜製糖","NA","NA",NULL,NULL,1000,1,2,"2019-01-03 22:31:25","2019-01-03 22:31:25"
146,"上白糖",NULL,"NA","日本甜菜製糖","NA","NA",NULL,NULL,1000,1,2,"2019-01-03 22:32:07","2019-01-03 22:32:07"
147,"中双糖",NULL,"NA","日本甜菜製糖","NA","NA",NULL,NULL,1000,1,2,"2019-01-03 22:32:37","2019-01-03 22:32:37"
148,"三温糖",NULL,"NA","日本甜菜製糖","NA","NA",NULL,NULL,1000,1,2,"2019-01-03 22:35:17","2019-01-03 22:35:17"
149,"グラニュ糖",NULL,"NA","日本甜菜製糖","てん菜（北海道産）","NA",NULL,NULL,1000,1,2,"2019-01-03 22:37:25","2019-01-03 22:37:25"
151,"上白糖",NULL,"NA","日本甜菜製糖","てん菜（北海道産）","NA",NULL,NULL,1000,1,2,"2019-01-03 22:38:46","2019-01-03 22:38:46"
152,"スティックシュガー",NULL,"NA","日本甜菜製糖","てん菜（北海道産）","NA",NULL,NULL,1,1,2,"2019-01-03 22:39:32","2019-01-03 22:39:32"
153,"グラニュー糖",NULL,"グラニュー糖は、結晶の大きい順にT.T.G.H・T.T.G.A・T.T.G.A特の3種類をご用意しております。 家庭用として1kg入りの小袋、業務用として20kg・30kg入り紙袋、フレキシブルコンテナ、バルク車配送及び3g入りスティックシュガーを取り扱っております。","東洋精糖","NA","NA",NULL,NULL,1000,1,2,"2019-01-03 22:51:09","2019-01-03 22:51:09"
154,"上白糖",NULL,"家庭用として1kg入りの小袋、また業務用として20kg・30kg入り紙袋を取り扱っております。","東洋精糖","NA","NA",NULL,NULL,1000,1,2,"2019-01-03 22:51:57","2019-01-03 22:51:57"
155,"三温糖",NULL,"弊社の三温糖は、添加物であるカラメルを使用せず、植物由来である原材料(さとうきび由来・てん菜由来の原料糖)のみを使用し製造しております。  家庭用として1kg入りの小袋、また業務用として20kg・30kg入り紙袋を取り扱っております。","東洋精糖","NA","NA",NULL,NULL,1000,1,2,"2019-01-03 22:53:07","2019-01-03 22:53:07"
156,"ザラメ糖",NULL,"白ザラ糖は結晶の大きさにより(1)～(3)番の3種類をご用意しております。白ザラ糖は業務用30kg入り紙袋、中ザラ糖は家庭用として1kg入りの小袋、また業務用として30kg入り紙袋を取り扱っております。  ※中ザラ糖はカラメル色素を使用しております。","東洋精糖","NA","NA",NULL,NULL,1000,1,2,"2019-01-03 22:53:53","2019-01-03 22:53:53"
157,"素焚糖(すだきとう)",NULL,"奄美諸島産さとうきび原料だけを使用した、国産のお砂糖です。","大東製糖","奄美諸島産さとうきび","NA",NULL,NULL,220,1,2,"2019-01-04 03:30:03","2019-01-04 03:30:03"
158,"赤糖",NULL,"煮詰めた糖液を攪拌させながら、自然結晶を作り出す昔ながらの製造方法で作られています。 この製造方法により、上白糖などの精製糖の製造工程では取り除かれてしまうミネラル分が活かされています。","大東製糖","NA","NA",NULL,NULL,300,1,2,"2019-01-04 03:31:44","2019-01-04 03:31:44"
161,"多良間島産沖縄黒糖",NULL,"沖縄多良間島産さとうきび原料だけを使用した、国産のお砂糖です。","大東製糖","沖縄多良間島産さとうきび","NA",NULL,NULL,200,1,2,"2019-01-04 03:33:44","2019-01-04 03:33:44"
162,"味わい加工黒砂糖",NULL,"沖縄産さとうきび原料だけを使用した、国産のお砂糖です。","大東製糖","沖縄産さとうきび","NA",NULL,NULL,200,1,2,"2019-01-04 03:34:48","2019-01-04 03:34:48"
163,"味わい黒砂糖ひと口小粒",NULL," 疲れた時、朝食を摂れないときのエネルギー補給やお茶請けに！","大東製糖","NA","NA",NULL,NULL,300,1,2,"2019-01-04 03:36:31","2019-01-04 03:36:31"
164,"顆粒加工黒砂糖",NULL,"沖縄産さとうきび原料だけを使用した、国産のお砂糖です。","大東製糖","沖縄産さとうきび","NA",NULL,NULL,120,1,2,"2019-01-04 03:40:45","2019-01-04 03:40:45"
169,"味わい黒糖蜜",NULL," 沖縄産黒糖を10％配合した黒糖蜜です。最後まで絞り出せる収納に便利なスタンドパウチ容器入りです。","大東製糖","NA","NA",NULL,NULL,150,1,2,"2019-01-04 03:51:40","2019-01-04 03:51:40"
170,"黒蜜糖",NULL,"さとうきびのもつ独特の甘みとコクがあります。スパイスをたくさん使う中華料理、煮込み料理の隠し味などに使うことで味に深みが生まれます。また、煮魚に使うと魚の生臭みを抑えることができます。 小豆のポリフェノール感や乳製品のミルク感との相性も良く、和洋のお菓子にお使いいただけます。","大東製糖","NA","NA",NULL,NULL,600,1,2,"2019-01-04 03:52:30","2019-01-04 03:52:30"
171,"料理上手 さとうきび三温糖",NULL,"おいしい料理は、おいしい砂糖からはじまります。","大東製糖","NA","NA",NULL,NULL,750,1,2,"2019-01-04 03:53:29","2019-01-04 03:53:29"
172,"ブラウンシュガー",NULL,"さとうきび原料のもつミネラルと風味をぎゅっと閉じ込めるよう、じっくり焚き上げ自然な結晶を作り上げています。","大東製糖","NA","NA",NULL,NULL,600,1,2,"2019-01-04 03:54:42","2019-01-04 03:54:42"
173,"てんさいのお砂糖",NULL,"てんさいはさとうきびと並ぶ砂糖の原料です。寒さに強いてんさいは北海道で栽培され、根に栄養分をたっぷり蓄えます。てんさいの根から「糖分」 をとりだして、結晶化するとてんさい糖になります。 「てんさいのお砂糖」は北海道産のてんさい原料糖とてんさい糖蜜を丁寧に焚き上げ、自然結晶にしたお砂糖です。","大東製糖","北海道産てんさい原料100％使用","NA",NULL,NULL,600,1,2,"2019-01-04 03:56:19","2019-01-04 03:56:19"
174,"ペブルスブラウンシュガー",NULL,"すっきりとした甘さのフレンチスタイルの角砂糖","大東製糖","NA","NA",NULL,NULL,500,1,2,"2019-01-04 03:57:14","2019-01-04 03:57:14"
175,"モラセスシュガー",NULL,"砂糖は、純粋な甘さだけでなく、クレームブリュレに代表されるように、焦がした時の苦味を伴った甘さも美味しさの特徴です。モラセスシュガーは、砂糖を焦がすことによって生まれる独特の苦味とキレのある甘さが特徴のお砂糖です。","大東製糖","NA","",NULL,NULL,1000,1,2,"2019-01-04 03:59:03","2019-01-04 03:59:03"
